"source","target"
"21","31"
"41","31"
"51","31"
"1","31"
"62","31"
"81","31"
"91","31"
"111","31"
"121","31"
"161","31"
"131","31"
"182","31"
"193","31"
"151","31"
"141","31"
"221","31"
"201","31"
"231","31"
"241","31"
"251","31"
"271","31"
"281","31"
"292","31"
"291","31"
"301","31"
"361","31"
"431","31"
"172","31"
"171","31"
"441","31"
"11","41"
"21","41"
"231","41"
"193","41"
"670","41"
"91","41"
"711","41"
"663","41"
"616","41"
"712","41"
"782","41"
"759","41"
"849","41"
"852","41"
"661","41"
"613","41"
"491","41"
"941","41"
"979","41"
"1069","41"
"940","41"
"1122","41"
"1127","41"
"965","41"
"1263","41"
"1646","41"
"1803","41"
"1881","41"
"974","41"
"2158","41"
"31","51"
"161","51"
"193","51"
"211","51"
"221","51"
"201","51"
"241","51"
"231","51"
"271","51"
"281","51"
"291","51"
"292","51"
"301","51"
"41","51"
"451","51"
"521","51"
"522","51"
"501","51"
"613","51"
"616","51"
"641","51"
"629","51"
"91","51"
"658","51"
"690","51"
"705","51"
"710","51"
"707","51"
"711","51"
"715","51"
"11","1"
"21","1"
"51","1"
"31","1"
"161","1"
"131","1"
"201","1"
"291","1"
"301","1"
"361","1"
"441","1"
"451","1"
"612","1"
"491","1"
"613","1"
"171","1"
"251","1"
"521","1"
"541","1"
"241","1"
"193","1"
"641","1"
"632","1"
"91","1"
"501","1"
"651","1"
"692","1"
"658","1"
"710","1"
"709","1"
"31","62"
"451","62"
"193","62"
"91","62"
"711","62"
"663","62"
"616","62"
"712","62"
"782","62"
"759","62"
"849","62"
"852","62"
"661","62"
"361","62"
"641","62"
"491","62"
"941","62"
"979","62"
"1053","62"
"940","62"
"1122","62"
"1127","62"
"613","62"
"1316","62"
"1375","62"
"965","62"
"1363","62"
"1263","62"
"1574","62"
"291","62"
"91","81"
"711","81"
"663","81"
"616","81"
"712","81"
"782","81"
"759","81"
"849","81"
"852","81"
"661","81"
"491","81"
"941","81"
"979","81"
"940","81"
"1122","81"
"1127","81"
"965","81"
"1263","81"
"1646","81"
"1803","81"
"1881","81"
"820","81"
"1753","81"
"974","81"
"2111","81"
"1671","81"
"291","81"
"182","81"
"2632","81"
"1457","81"
"451","91"
"193","91"
"690","91"
"688","91"
"637","91"
"111","91"
"521","91"
"686","91"
"679","91"
"689","91"
"658","91"
"691","91"
"651","91"
"710","91"
"711","91"
"716","91"
"663","91"
"241","91"
"616","91"
"726","91"
"725","91"
"634","91"
"732","91"
"745","91"
"751","91"
"759","91"
"712","91"
"758","91"
"706","91"
"431","91"
"451","111"
"541","111"
"601","111"
"193","111"
"686","111"
"680","111"
"679","111"
"501","111"
"91","111"
"658","111"
"711","111"
"710","111"
"719","111"
"663","111"
"616","111"
"712","111"
"782","111"
"759","111"
"707","111"
"849","111"
"852","111"
"661","111"
"832","111"
"865","111"
"927","111"
"491","111"
"941","111"
"974","111"
"979","111"
"986","111"
"161","121"
"193","121"
"91","121"
"711","121"
"663","121"
"616","121"
"712","121"
"782","121"
"759","121"
"849","121"
"852","121"
"661","121"
"941","121"
"979","121"
"940","121"
"1122","121"
"1127","121"
"491","121"
"965","121"
"1263","121"
"1646","121"
"1803","121"
"1881","121"
"820","121"
"974","121"
"291","121"
"182","121"
"1753","121"
"2632","121"
"1457","121"
"131","161"
"211","161"
"221","161"
"231","161"
"241","161"
"1","161"
"193","161"
"91","161"
"711","161"
"663","161"
"616","161"
"732","161"
"712","161"
"782","161"
"759","161"
"849","161"
"852","161"
"661","161"
"941","161"
"979","161"
"940","161"
"1122","161"
"1127","161"
"491","161"
"965","161"
"1263","161"
"1646","161"
"1803","161"
"974","161"
"1881","161"
"231","131"
"1","131"
"193","131"
"501","131"
"521","131"
"91","131"
"692","131"
"711","131"
"663","131"
"616","131"
"732","131"
"712","131"
"782","131"
"759","131"
"849","131"
"852","131"
"661","131"
"941","131"
"979","131"
"940","131"
"1122","131"
"1127","131"
"1285","131"
"965","131"
"491","131"
"1263","131"
"899","131"
"1646","131"
"1803","131"
"974","131"
"141","193"
"31","193"
"211","193"
"201","193"
"231","193"
"241","193"
"171","193"
"1","193"
"431","193"
"521","193"
"501","193"
"670","193"
"637","193"
"686","193"
"632","193"
"91","193"
"692","193"
"679","193"
"700","193"
"707","193"
"711","193"
"710","193"
"640","193"
"663","193"
"616","193"
"732","193"
"739","193"
"746","193"
"712","193"
"727","193"
"193","151"
"451","151"
"91","151"
"651","151"
"711","151"
"663","151"
"616","151"
"712","151"
"782","151"
"759","151"
"849","151"
"852","151"
"661","151"
"757","151"
"913","151"
"491","151"
"941","151"
"979","151"
"940","151"
"1122","151"
"1127","151"
"1144","151"
"797","151"
"1288","151"
"1202","151"
"1368","151"
"1375","151"
"1323","151"
"965","151"
"1430","151"
"193","141"
"201","141"
"211","141"
"241","141"
"301","141"
"41","141"
"522","141"
"501","141"
"291","141"
"451","141"
"491","141"
"521","141"
"616","141"
"619","141"
"641","141"
"637","141"
"645","141"
"649","141"
"626","141"
"650","141"
"670","141"
"663","141"
"677","141"
"683","141"
"686","141"
"688","141"
"690","141"
"632","141"
"91","141"
"691","141"
"231","221"
"451","221"
"193","221"
"91","221"
"711","221"
"663","221"
"616","221"
"732","221"
"712","221"
"782","221"
"759","221"
"849","221"
"852","221"
"661","221"
"431","221"
"941","221"
"979","221"
"940","221"
"1122","221"
"1127","221"
"491","221"
"1410","221"
"965","221"
"1263","221"
"1646","221"
"1803","221"
"651","221"
"1881","221"
"974","221"
"2158","221"
"231","201"
"31","201"
"141","201"
"441","201"
"291","201"
"1","201"
"193","201"
"91","201"
"651","201"
"707","201"
"711","201"
"663","201"
"616","201"
"732","201"
"712","201"
"782","201"
"759","201"
"849","201"
"852","201"
"661","201"
"941","201"
"979","201"
"940","201"
"1122","201"
"1127","201"
"1285","201"
"965","201"
"491","201"
"1263","201"
"899","201"
"31","231"
"261","231"
"241","231"
"281","231"
"301","231"
"201","231"
"41","231"
"441","231"
"501","231"
"451","231"
"193","231"
"521","231"
"670","231"
"651","231"
"91","231"
"707","231"
"711","231"
"663","231"
"616","231"
"732","231"
"712","231"
"733","231"
"800","231"
"613","231"
"759","231"
"710","231"
"649","231"
"849","231"
"852","231"
"661","231"
"231","241"
"141","241"
"301","241"
"441","241"
"501","241"
"291","241"
"431","241"
"601","241"
"193","241"
"1","241"
"670","241"
"690","241"
"91","241"
"692","241"
"651","241"
"711","241"
"663","241"
"616","241"
"732","241"
"746","241"
"712","241"
"782","241"
"748","241"
"757","241"
"632","241"
"759","241"
"849","241"
"852","241"
"661","241"
"941","241"
"31","251"
"231","251"
"241","251"
"271","251"
"21","251"
"281","251"
"41","251"
"451","251"
"521","251"
"522","251"
"501","251"
"1","251"
"541","251"
"291","251"
"613","251"
"193","251"
"491","251"
"631","251"
"641","251"
"637","251"
"632","251"
"626","251"
"633","251"
"645","251"
"652","251"
"670","251"
"668","251"
"667","251"
"677","251"
"683","251"
"31","271"
"193","271"
"670","271"
"451","271"
"91","271"
"711","271"
"663","271"
"616","271"
"732","271"
"712","271"
"782","271"
"759","271"
"849","271"
"852","271"
"661","271"
"757","271"
"613","271"
"941","271"
"830","271"
"979","271"
"1059","271"
"940","271"
"1122","271"
"1127","271"
"965","271"
"491","271"
"1263","271"
"1646","271"
"1803","271"
"1891","271"
"301","281"
"231","281"
"31","281"
"670","281"
"690","281"
"91","281"
"711","281"
"663","281"
"616","281"
"732","281"
"712","281"
"782","281"
"759","281"
"849","281"
"852","281"
"661","281"
"941","281"
"979","281"
"940","281"
"1122","281"
"1127","281"
"965","281"
"491","281"
"1263","281"
"1646","281"
"1803","281"
"1881","281"
"974","281"
"2158","281"
"1671","281"
"31","292"
"193","292"
"451","292"
"690","292"
"91","292"
"711","292"
"663","292"
"616","292"
"712","292"
"782","292"
"759","292"
"849","292"
"852","292"
"661","292"
"941","292"
"979","292"
"940","292"
"1122","292"
"1127","292"
"965","292"
"491","292"
"1263","292"
"1646","292"
"1803","292"
"1891","292"
"1881","292"
"974","292"
"1671","292"
"832","292"
"2158","292"
"31","291"
"441","291"
"231","291"
"521","291"
"451","291"
"241","291"
"431","291"
"301","291"
"1","291"
"201","291"
"613","291"
"193","291"
"631","291"
"641","291"
"61","291"
"91","291"
"651","291"
"711","291"
"716","291"
"663","291"
"616","291"
"732","291"
"712","291"
"759","291"
"782","291"
"774","291"
"733","291"
"849","291"
"852","291"
"661","291"
"31","301"
"231","301"
"521","301"
"291","301"
"501","301"
"241","301"
"1","301"
"613","301"
"193","301"
"690","301"
"91","301"
"651","301"
"711","301"
"663","301"
"616","301"
"742","301"
"712","301"
"632","301"
"776","301"
"782","301"
"810","301"
"759","301"
"451","301"
"849","301"
"852","301"
"732","301"
"661","301"
"941","301"
"940","301"
"979","301"
"1","361"
"31","361"
"193","361"
"637","361"
"679","361"
"91","361"
"709","361"
"711","361"
"663","361"
"616","361"
"712","361"
"171","361"
"690","361"
"782","361"
"707","361"
"814","361"
"810","361"
"759","361"
"849","361"
"852","361"
"721","361"
"491","361"
"661","361"
"871","361"
"832","361"
"866","361"
"880","361"
"884","361"
"847","361"
"757","361"
"31","431"
"291","431"
"241","431"
"193","431"
"451","431"
"690","431"
"688","431"
"91","431"
"651","431"
"711","431"
"663","431"
"616","431"
"712","431"
"782","431"
"613","431"
"809","431"
"759","431"
"739","431"
"815","431"
"757","431"
"491","431"
"825","431"
"849","431"
"852","431"
"661","431"
"361","431"
"728","431"
"913","431"
"893","431"
"797","431"
"31","172"
"193","172"
"91","172"
"711","172"
"663","172"
"616","172"
"712","172"
"782","172"
"759","172"
"849","172"
"852","172"
"661","172"
"491","172"
"941","172"
"979","172"
"940","172"
"1122","172"
"1127","172"
"965","172"
"1263","172"
"899","172"
"1646","172"
"1881","172"
"820","172"
"974","172"
"1671","172"
"291","172"
"182","172"
"2632","172"
"1307","172"
"441","171"
"291","171"
"301","171"
"31","171"
"241","171"
"451","171"
"131","171"
"161","171"
"611","171"
"121","171"
"193","171"
"432","171"
"501","171"
"637","171"
"631","171"
"670","171"
"632","171"
"91","171"
"692","171"
"679","171"
"686","171"
"711","171"
"710","171"
"663","171"
"616","171"
"733","171"
"712","171"
"691","171"
"727","171"
"689","171"
"231","441"
"291","441"
"521","441"
"241","441"
"201","441"
"31","441"
"193","441"
"91","441"
"711","441"
"663","441"
"616","441"
"712","441"
"759","441"
"849","441"
"852","441"
"661","441"
"941","441"
"899","441"
"979","441"
"965","441"
"1069","441"
"940","441"
"1122","441"
"1127","441"
"491","441"
"1263","441"
"830","441"
"1646","441"
"1803","441"
"1881","441"
"1","11"
"41","11"
"91","11"
"711","11"
"663","11"
"616","11"
"712","11"
"759","11"
"690","11"
"941","11"
"1122","11"
"979","11"
"1127","11"
"1263","11"
"965","11"
"1881","11"
"2396","11"
"1307","11"
"2279","11"
"3454","11"
"1646","11"
"3847","11"
"5626","11"
"3252","11"
"820","11"
"5345","11"
"2669","11"
"3727","11"
"5595","11"
"4381","11"
"241","670"
"91","670"
"711","670"
"663","670"
"616","670"
"732","670"
"746","670"
"712","670"
"782","670"
"521","670"
"231","670"
"759","670"
"849","670"
"852","670"
"661","670"
"941","670"
"979","670"
"1073","670"
"940","670"
"1122","670"
"1127","670"
"836","670"
"1410","670"
"965","670"
"491","670"
"1263","670"
"1646","670"
"1803","670"
"1662","670"
"1881","670"
"712","711"
"658","711"
"679","711"
"521","711"
"629","711"
"631","711"
"663","711"
"651","711"
"689","711"
"241","711"
"91","711"
"616","711"
"732","711"
"706","711"
"728","711"
"733","711"
"727","711"
"690","711"
"759","711"
"750","711"
"632","711"
"431","711"
"739","711"
"757","711"
"301","711"
"31","711"
"748","711"
"773","711"
"782","711"
"522","711"
"451","663"
"91","663"
"711","663"
"1","663"
"651","663"
"241","663"
"616","663"
"634","663"
"712","663"
"690","663"
"301","663"
"31","663"
"782","663"
"521","663"
"620","663"
"292","663"
"613","663"
"759","663"
"649","663"
"849","663"
"852","663"
"661","663"
"431","663"
"941","663"
"979","663"
"940","663"
"1122","663"
"1127","663"
"1210","663"
"965","663"
"31","616"
"451","616"
"690","616"
"91","616"
"651","616"
"709","616"
"711","616"
"663","616"
"637","616"
"689","616"
"688","616"
"705","616"
"716","616"
"241","616"
"706","616"
"733","616"
"712","616"
"750","616"
"759","616"
"632","616"
"728","616"
"739","616"
"757","616"
"301","616"
"778","616"
"762","616"
"773","616"
"521","616"
"725","616"
"782","616"
"711","712"
"231","712"
"746","712"
"690","712"
"91","712"
"616","712"
"241","712"
"759","712"
"727","712"
"193","712"
"706","712"
"732","712"
"728","712"
"716","712"
"739","712"
"663","712"
"301","712"
"773","712"
"689","712"
"521","712"
"782","712"
"522","712"
"784","712"
"733","712"
"620","712"
"793","712"
"292","712"
"613","712"
"431","712"
"451","712"
"616","782"
"651","782"
"757","782"
"759","782"
"773","782"
"521","782"
"706","782"
"241","782"
"728","782"
"739","782"
"91","782"
"620","782"
"431","782"
"711","782"
"689","782"
"733","782"
"751","782"
"292","782"
"613","782"
"634","782"
"716","782"
"748","782"
"803","782"
"690","782"
"451","782"
"774","782"
"743","782"
"649","782"
"522","782"
"797","782"
"31","759"
"711","759"
"690","759"
"651","759"
"709","759"
"91","759"
"712","759"
"616","759"
"451","759"
"632","759"
"748","759"
"773","759"
"707","759"
"782","759"
"521","759"
"739","759"
"757","759"
"522","759"
"733","759"
"809","759"
"810","759"
"613","759"
"817","759"
"815","759"
"826","759"
"431","759"
"830","759"
"829","759"
"688","759"
"706","759"
"709","849"
"31","849"
"613","849"
"773","849"
"830","849"
"706","849"
"759","849"
"733","849"
"842","849"
"721","849"
"707","849"
"752","849"
"810","849"
"634","849"
"291","849"
"792","849"
"629","849"
"491","849"
"241","849"
"361","849"
"431","849"
"616","849"
"451","849"
"854","849"
"716","849"
"728","849"
"522","849"
"91","849"
"888","849"
"899","849"
"31","852"
"733","852"
"759","852"
"632","852"
"651","852"
"634","852"
"291","852"
"613","852"
"817","852"
"629","852"
"688","852"
"91","852"
"706","852"
"241","852"
"361","852"
"431","852"
"451","852"
"521","852"
"716","852"
"522","852"
"882","852"
"884","852"
"679","852"
"899","852"
"849","852"
"710","852"
"641","852"
"732","852"
"941","852"
"616","852"
"31","661"
"830","661"
"91","661"
"733","661"
"616","661"
"451","661"
"757","661"
"690","661"
"706","661"
"522","661"
"728","661"
"651","661"
"849","661"
"491","661"
"897","661"
"759","661"
"797","661"
"613","661"
"710","661"
"241","661"
"716","661"
"431","661"
"817","661"
"641","661"
"941","661"
"979","661"
"1127","661"
"725","661"
"829","661"
"689","661"
"31","613"
"193","613"
"451","613"
"690","613"
"91","613"
"693","613"
"651","613"
"711","613"
"663","613"
"616","613"
"712","613"
"750","613"
"632","613"
"301","613"
"782","613"
"707","613"
"231","613"
"431","613"
"757","613"
"800","613"
"758","613"
"733","613"
"759","613"
"1","613"
"817","613"
"830","613"
"710","613"
"773","613"
"661","613"
"849","613"
"1","491"
"31","491"
"193","491"
"690","491"
"91","491"
"651","491"
"709","491"
"711","491"
"663","491"
"616","491"
"712","491"
"782","491"
"231","491"
"759","491"
"773","491"
"757","491"
"613","491"
"810","491"
"431","491"
"748","491"
"849","491"
"852","491"
"661","491"
"361","491"
"941","491"
"829","491"
"979","491"
"940","491"
"1122","491"
"1127","491"
"651","941"
"31","941"
"616","941"
"759","941"
"721","941"
"899","941"
"830","941"
"797","941"
"897","941"
"817","941"
"431","941"
"757","941"
"815","941"
"849","941"
"91","941"
"852","941"
"884","941"
"690","941"
"965","941"
"979","941"
"1032","941"
"1055","941"
"774","941"
"1127","941"
"725","941"
"829","941"
"689","941"
"716","941"
"706","941"
"1375","941"
"893","979"
"431","979"
"776","979"
"832","979"
"690","979"
"31","979"
"661","979"
"616","979"
"757","979"
"91","979"
"291","979"
"733","979"
"651","979"
"613","979"
"899","979"
"995","979"
"759","979"
"1032","979"
"721","979"
"797","979"
"993","979"
"773","979"
"1055","979"
"940","979"
"774","979"
"817","979"
"1122","979"
"1127","979"
"725","979"
"931","979"
"31","1069"
"616","1069"
"91","1069"
"1127","1069"
"979","1069"
"965","1069"
"1053","1069"
"1457","1069"
"2279","1069"
"1646","1069"
"3490","1069"
"5626","1069"
"3727","1069"
"4381","1069"
"5345","1069"
"5827","1069"
"1307","1069"
"5196","1069"
"1759","1069"
"3611","1069"
"1175","1069"
"3252","1069"
"4639","1069"
"2897","1069"
"6224","1069"
"7116","1069"
"759","1069"
"797","1069"
"6236","1069"
"5602","1069"
"651","940"
"31","940"
"616","940"
"733","940"
"759","940"
"931","940"
"797","940"
"899","940"
"979","940"
"690","940"
"91","940"
"1127","940"
"62","940"
"725","940"
"978","940"
"993","940"
"613","940"
"689","940"
"716","940"
"1144","940"
"706","940"
"1229","940"
"757","940"
"986","940"
"1274","940"
"893","940"
"849","940"
"1375","940"
"965","940"
"1011","940"
"616","1122"
"774","1122"
"759","1122"
"797","1122"
"1127","1122"
"965","1122"
"91","1122"
"690","1122"
"651","1122"
"1056","1122"
"979","1122"
"613","1122"
"689","1122"
"716","1122"
"1144","1122"
"1174","1122"
"757","1122"
"31","1122"
"1229","1122"
"789","1122"
"1375","1122"
"758","1122"
"241","1122"
"776","1122"
"1646","1122"
"1803","1122"
"1881","1122"
"1840","1122"
"1899","1122"
"820","1122"
"616","1127"
"759","1127"
"940","1127"
"976","1127"
"1032","1127"
"810","1127"
"984","1127"
"978","1127"
"965","1127"
"993","1127"
"91","1127"
"291","1127"
"931","1127"
"690","1127"
"651","1127"
"733","1127"
"830","1127"
"979","1127"
"1056","1127"
"1122","1127"
"1110","1127"
"1144","1127"
"640","1127"
"829","1127"
"1154","1127"
"849","1127"
"613","1127"
"899","1127"
"774","1127"
"689","1127"
"616","965"
"977","965"
"979","965"
"651","965"
"733","965"
"91","965"
"899","965"
"759","965"
"1018","965"
"1122","965"
"1127","965"
"893","965"
"1056","965"
"1144","965"
"852","965"
"1363","965"
"1202","965"
"797","965"
"1","965"
"706","965"
"691","965"
"757","965"
"829","965"
"661","965"
"1154","965"
"871","965"
"1326","965"
"904","965"
"689","965"
"690","965"
"759","1646"
"241","1646"
"91","1646"
"151","1646"
"757","1646"
"1692","1646"
"940","1646"
"291","1646"
"634","1646"
"951","1646"
"1672","1646"
"849","1646"
"830","1646"
"871","1646"
"1154","1646"
"1574","1646"
"1144","1646"
"1213","1646"
"690","1646"
"881","1646"
"1434","1646"
"965","1646"
"431","1646"
"1263","1646"
"651","1646"
"739","1646"
"1727","1646"
"1288","1646"
"1662","1646"
"1295","1646"
"1574","1803"
"1646","1803"
"965","1803"
"759","1803"
"1759","1803"
"1739","1803"
"827","1803"
"1636","1803"
"1430","1803"
"899","1803"
"830","1803"
"651","1803"
"1154","1803"
"871","1803"
"1578","1803"
"1209","1803"
"757","1803"
"940","1803"
"1011","1803"
"91","1803"
"690","1803"
"1127","1803"
"931","1803"
"1018","1803"
"797","1803"
"706","1803"
"613","1803"
"1144","1803"
"929","1803"
"616","1803"
"757","1881"
"871","1881"
"709","1881"
"797","1881"
"1154","1881"
"893","1881"
"1574","1881"
"759","1881"
"1759","1881"
"1144","1881"
"899","1881"
"651","1881"
"690","1881"
"965","1881"
"616","1881"
"880","1881"
"829","1881"
"1127","1881"
"1263","1881"
"830","1881"
"795","1881"
"1326","1881"
"1753","1881"
"940","1881"
"1989","1881"
"613","1881"
"241","1881"
"706","1881"
"1309","1881"
"993","1881"
"759","974"
"849","974"
"1127","974"
"820","974"
"1307","974"
"893","974"
"1144","974"
"616","974"
"1848","974"
"651","974"
"706","974"
"241","974"
"827","974"
"690","974"
"1368","974"
"830","974"
"757","974"
"613","974"
"1011","974"
"1759","974"
"817","974"
"965","974"
"1958","974"
"1290","974"
"829","974"
"979","974"
"491","974"
"1739","974"
"899","974"
"1298","974"
"965","2158"
"820","2158"
"1127","2158"
"759","2158"
"1144","2158"
"757","2158"
"1326","2158"
"1175","2158"
"716","2158"
"929","2158"
"795","2158"
"899","2158"
"1154","2158"
"1274","2158"
"830","2158"
"241","2158"
"1671","2158"
"651","2158"
"1213","2158"
"2069","2158"
"987","2158"
"797","2158"
"993","2158"
"616","2158"
"1923","2158"
"733","2158"
"690","2158"
"1578","2158"
"1428","2158"
"984","2158"
"141","211"
"451","211"
"193","211"
"91","211"
"711","211"
"663","211"
"616","211"
"732","211"
"712","211"
"782","211"
"759","211"
"690","211"
"941","211"
"1122","211"
"979","211"
"1127","211"
"940","211"
"1263","211"
"1646","211"
"1803","211"
"965","211"
"1881","211"
"974","211"
"2158","211"
"1923","211"
"1899","211"
"2627","211"
"1574","211"
"1457","211"
"3003","211"
"521","451"
"291","451"
"241","451"
"431","451"
"301","451"
"201","451"
"31","451"
"501","451"
"211","451"
"670","451"
"651","451"
"637","451"
"663","451"
"679","451"
"652","451"
"690","451"
"632","451"
"91","451"
"711","451"
"61","451"
"616","451"
"739","451"
"746","451"
"712","451"
"759","451"
"782","451"
"522","451"
"620","451"
"231","451"
"773","451"
"301","521"
"31","521"
"291","521"
"1","521"
"193","521"
"541","521"
"651","521"
"670","521"
"61","521"
"690","521"
"632","521"
"91","521"
"692","521"
"679","521"
"707","521"
"711","521"
"663","521"
"616","521"
"751","521"
"746","521"
"712","521"
"773","521"
"759","521"
"231","521"
"800","521"
"710","521"
"758","521"
"826","521"
"849","521"
"852","521"
"31","522"
"690","522"
"91","522"
"711","522"
"663","522"
"616","522"
"712","522"
"782","522"
"739","522"
"231","522"
"759","522"
"849","522"
"852","522"
"661","522"
"431","522"
"941","522"
"979","522"
"940","522"
"1122","522"
"1127","522"
"965","522"
"491","522"
"1263","522"
"1646","522"
"1803","522"
"1881","522"
"974","522"
"2158","522"
"1671","522"
"291","522"
"241","501"
"31","501"
"451","501"
"301","501"
"193","501"
"679","501"
"91","501"
"141","501"
"707","501"
"711","501"
"663","501"
"616","501"
"739","501"
"746","501"
"712","501"
"782","501"
"231","501"
"732","501"
"759","501"
"849","501"
"852","501"
"661","501"
"941","501"
"979","501"
"940","501"
"1122","501"
"1127","501"
"1285","501"
"965","501"
"491","501"
"91","641"
"692","641"
"690","641"
"651","641"
"31","641"
"711","641"
"663","641"
"616","641"
"732","641"
"746","641"
"712","641"
"782","641"
"739","641"
"773","641"
"759","641"
"849","641"
"852","641"
"661","641"
"941","641"
"979","641"
"940","641"
"1122","641"
"1127","641"
"965","641"
"491","641"
"1263","641"
"1646","641"
"1803","641"
"974","641"
"2158","641"
"651","629"
"31","629"
"451","629"
"91","629"
"690","629"
"711","629"
"663","629"
"616","629"
"732","629"
"746","629"
"712","629"
"782","629"
"759","629"
"849","629"
"852","629"
"661","629"
"941","629"
"979","629"
"940","629"
"1122","629"
"1127","629"
"965","629"
"491","629"
"1263","629"
"1646","629"
"1803","629"
"1899","629"
"1881","629"
"974","629"
"1671","629"
"91","658"
"690","658"
"651","658"
"31","658"
"711","658"
"616","658"
"732","658"
"712","658"
"632","658"
"782","658"
"451","658"
"759","658"
"849","658"
"852","658"
"661","658"
"941","658"
"979","658"
"940","658"
"1122","658"
"1127","658"
"965","658"
"491","658"
"1263","658"
"1646","658"
"1672","658"
"1803","658"
"1881","658"
"974","658"
"2158","658"
"291","658"
"633","690"
"521","690"
"632","690"
"91","690"
"651","690"
"689","690"
"658","690"
"31","690"
"679","690"
"711","690"
"241","690"
"616","690"
"732","690"
"733","690"
"742","690"
"728","690"
"451","690"
"746","690"
"629","690"
"759","690"
"712","690"
"758","690"
"750","690"
"301","690"
"757","690"
"773","690"
"706","690"
"725","690"
"782","690"
"620","690"
"711","705"
"663","705"
"616","705"
"91","705"
"732","705"
"712","705"
"690","705"
"782","705"
"31","705"
"451","705"
"759","705"
"849","705"
"852","705"
"661","705"
"979","705"
"940","705"
"1122","705"
"1127","705"
"965","705"
"491","705"
"1614","705"
"1263","705"
"1646","705"
"1803","705"
"974","705"
"2158","705"
"1923","705"
"1899","705"
"182","705"
"2632","705"
"711","710"
"679","710"
"616","710"
"732","710"
"91","710"
"31","710"
"782","710"
"451","710"
"521","710"
"759","710"
"757","710"
"849","710"
"852","710"
"728","710"
"661","710"
"897","710"
"941","710"
"979","710"
"940","710"
"1122","710"
"1127","710"
"1144","710"
"965","710"
"491","710"
"1263","710"
"1646","710"
"1803","710"
"1881","710"
"974","710"
"1274","710"
"679","707"
"521","707"
"711","707"
"241","707"
"616","707"
"732","707"
"712","707"
"91","707"
"31","707"
"759","707"
"757","707"
"782","707"
"739","707"
"451","707"
"613","707"
"849","707"
"852","707"
"661","707"
"941","707"
"979","707"
"940","707"
"1122","707"
"1127","707"
"1375","707"
"965","707"
"491","707"
"1263","707"
"1646","707"
"1803","707"
"1891","707"
"732","715"
"746","715"
"711","715"
"91","715"
"616","715"
"782","715"
"759","715"
"1122","715"
"1127","715"
"979","715"
"940","715"
"1646","715"
"1803","715"
"965","715"
"974","715"
"2158","715"
"1923","715"
"451","715"
"1899","715"
"777","715"
"2627","715"
"2368","715"
"1574","715"
"1457","715"
"3003","715"
"1843","715"
"1032","715"
"2279","715"
"3421","715"
"3870","715"
"663","612"
"616","612"
"1127","612"
"965","612"
"2279","612"
"1646","612"
"3490","612"
"5626","612"
"3727","612"
"4381","612"
"3211","612"
"5345","612"
"5827","612"
"1263","612"
"3252","612"
"2669","612"
"7355","612"
"797","612"
"2496","612"
"4015","612"
"4546","612"
"8493","612"
"6379","612"
"9000","612"
"6699","612"
"2595","612"
"9416","612"
"4987","612"
"12126","612"
"970","612"
"31","541"
"1","541"
"193","541"
"521","541"
"501","541"
"231","541"
"670","541"
"641","541"
"451","541"
"680","541"
"679","541"
"631","541"
"686","541"
"111","541"
"632","541"
"91","541"
"689","541"
"705","541"
"708","541"
"707","541"
"658","541"
"629","541"
"711","541"
"710","541"
"640","541"
"719","541"
"716","541"
"663","541"
"432","541"
"616","541"
"633","632"
"651","632"
"31","632"
"631","632"
"451","632"
"690","632"
"521","632"
"91","632"
"692","632"
"711","632"
"663","632"
"616","632"
"732","632"
"733","632"
"746","632"
"712","632"
"759","632"
"301","632"
"613","632"
"773","632"
"782","632"
"241","632"
"827","632"
"825","632"
"849","632"
"852","632"
"721","632"
"661","632"
"881","632"
"884","632"
"521","651"
"31","651"
"451","651"
"679","651"
"91","651"
"690","651"
"658","651"
"709","651"
"711","651"
"663","651"
"241","651"
"616","651"
"706","651"
"750","651"
"746","651"
"629","651"
"712","651"
"759","651"
"632","651"
"613","651"
"301","651"
"757","651"
"1","651"
"782","651"
"748","651"
"231","651"
"620","651"
"660","651"
"691","651"
"491","651"
"521","692"
"91","692"
"690","692"
"31","692"
"711","692"
"663","692"
"241","692"
"616","692"
"712","692"
"782","692"
"759","692"
"451","692"
"849","692"
"852","692"
"661","692"
"941","692"
"979","692"
"1073","692"
"940","692"
"1122","692"
"1127","692"
"965","692"
"491","692"
"1263","692"
"1646","692"
"1803","692"
"820","692"
"974","692"
"1881","692"
"291","692"
"658","709"
"679","709"
"31","709"
"629","709"
"711","709"
"710","709"
"61","709"
"521","709"
"637","709"
"663","709"
"719","709"
"689","709"
"241","709"
"91","709"
"632","709"
"616","709"
"634","709"
"732","709"
"716","709"
"501","709"
"739","709"
"613","709"
"451","709"
"633","709"
"712","709"
"431","709"
"690","709"
"301","709"
"782","709"
"522","709"
"31","1053"
"616","1053"
"1127","1053"
"979","1053"
"1144","1053"
"1032","1053"
"1186","1053"
"1229","1053"
"660","1053"
"759","1053"
"940","1053"
"1035","1053"
"986","1053"
"1326","1053"
"1323","1053"
"849","1053"
"893","1053"
"1369","1053"
"1363","1053"
"1405","1053"
"1418","1053"
"899","1053"
"1410","1053"
"965","1053"
"1202","1053"
"1466","1053"
"709","1053"
"91","1053"
"930","1053"
"830","1053"
"759","1316"
"1127","1316"
"757","1316"
"91","1316"
"1881","1316"
"965","1316"
"979","1316"
"746","1316"
"2279","1316"
"3252","1316"
"5118","1316"
"291","1316"
"5626","1316"
"2595","1316"
"3727","1316"
"2008","1316"
"4546","1316"
"4381","1316"
"1973","1316"
"5345","1316"
"1307","1316"
"5827","1316"
"1646","1316"
"7783","1316"
"797","1316"
"6607","1316"
"4015","1316"
"2496","1316"
"6379","1316"
"9000","1316"
"651","1375"
"1202","1375"
"759","1375"
"1295","1375"
"899","1375"
"757","1375"
"940","1375"
"965","1375"
"1127","1375"
"979","1375"
"880","1375"
"871","1375"
"1122","1375"
"690","1375"
"1175","1375"
"830","1375"
"616","1375"
"817","1375"
"1515","1375"
"1073","1375"
"1056","1375"
"1484","1375"
"1574","1375"
"993","1375"
"91","1375"
"613","1375"
"930","1375"
"1578","1375"
"849","1375"
"1646","1375"
"1144","1363"
"1202","1363"
"979","1363"
"893","1363"
"759","1363"
"651","1363"
"1295","1363"
"965","1363"
"1127","1363"
"151","1363"
"1056","1363"
"616","1363"
"1515","1363"
"1371","1363"
"993","1363"
"1290","1363"
"91","1363"
"1578","1363"
"940","1363"
"797","1363"
"1213","1363"
"829","1363"
"1263","1363"
"1646","1363"
"1803","1363"
"1840","1363"
"772","1363"
"820","1363"
"2060","1363"
"1274","1363"
"91","1574"
"1290","1574"
"965","1574"
"830","1574"
"759","1574"
"709","1574"
"613","1574"
"1175","1574"
"940","1574"
"491","1574"
"1154","1574"
"1484","1574"
"1587","1574"
"616","1574"
"1551","1574"
"1262","1574"
"291","1574"
"797","1574"
"1053","1574"
"979","1574"
"776","1574"
"1607","1574"
"919","1574"
"796","1574"
"1412","1574"
"829","1574"
"930","1574"
"733","1574"
"1536","1574"
"1508","1574"
"31","820"
"616","820"
"759","820"
"91","820"
"690","820"
"451","820"
"651","820"
"1","820"
"977","820"
"361","820"
"899","820"
"1122","820"
"1127","820"
"965","820"
"979","820"
"1288","820"
"182","820"
"1578","820"
"491","820"
"1042","820"
"1554","820"
"1803","820"
"1646","820"
"1636","820"
"1739","820"
"1154","820"
"871","820"
"1430","820"
"757","820"
"893","820"
"1154","1753"
"759","1753"
"491","1753"
"757","1753"
"1290","1753"
"795","1753"
"651","1753"
"1127","1753"
"899","1753"
"1578","1753"
"1240","1753"
"1848","1753"
"1326","1753"
"1843","1753"
"1434","1753"
"1854","1753"
"1649","1753"
"1759","1753"
"616","1753"
"984","1753"
"829","1753"
"979","1753"
"1884","1753"
"1881","1753"
"1636","1753"
"1144","1753"
"820","1753"
"965","1753"
"974","1753"
"1298","1753"
"965","2111"
"820","2111"
"979","2111"
"1127","2111"
"795","2111"
"1923","2111"
"1671","2111"
"1759","2111"
"1843","2111"
"2279","2111"
"3421","2111"
"3252","2111"
"3490","2111"
"451","2111"
"5626","2111"
"4673","2111"
"3727","2111"
"3936","2111"
"5827","2111"
"5345","2111"
"616","2111"
"1307","2111"
"1646","2111"
"6657","2111"
"4381","2111"
"3736","2111"
"797","2111"
"6607","2111"
"4015","2111"
"2496","2111"
"965","1671"
"1578","1671"
"759","1671"
"1759","1671"
"979","1671"
"1144","1671"
"1899","1671"
"651","1671"
"1848","1671"
"1053","1671"
"706","1671"
"899","1671"
"1881","1671"
"31","1671"
"782","1671"
"974","1671"
"776","1671"
"491","1671"
"616","1671"
"1916","1671"
"1592","1671"
"871","1671"
"1786","1671"
"690","1671"
"1127","1671"
"2120","1671"
"797","1671"
"757","1671"
"893","1671"
"1175","1671"
"1412","2632"
"1127","2632"
"757","2632"
"1053","2632"
"979","2632"
"899","2632"
"797","2632"
"1326","2632"
"651","2632"
"690","2632"
"1759","2632"
"629","2632"
"1144","2632"
"616","2632"
"1578","2632"
"716","2632"
"706","2632"
"661","2632"
"965","2632"
"759","2632"
"1371","2632"
"1237","2632"
"904","2632"
"2221","2632"
"893","2632"
"2153","2632"
"1175","2632"
"940","2632"
"2709","2632"
"2089","2632"
"1371","1457"
"1574","1457"
"616","1457"
"651","1457"
"757","1457"
"1759","1457"
"1144","1457"
"2476","1457"
"795","1457"
"2363","1457"
"706","1457"
"1127","1457"
"1871","1457"
"979","1457"
"716","1457"
"1307","1457"
"965","1457"
"1920","1457"
"813","1457"
"746","1457"
"491","1457"
"827","1457"
"2618","1457"
"1881","1457"
"829","1457"
"2713","1457"
"1516","1457"
"1175","1457"
"2424","1457"
"2008","1457"
"451","688"
"91","688"
"679","688"
"690","688"
"689","688"
"31","688"
"711","688"
"616","688"
"746","688"
"712","688"
"632","688"
"727","688"
"773","688"
"733","688"
"431","688"
"829","688"
"759","688"
"849","688"
"852","688"
"661","688"
"941","688"
"979","688"
"940","688"
"1122","688"
"1127","688"
"965","688"
"491","688"
"1290","688"
"1263","688"
"1646","688"
"31","637"
"631","637"
"451","637"
"91","637"
"692","637"
"711","637"
"663","637"
"616","637"
"746","637"
"712","637"
"773","637"
"759","637"
"849","637"
"852","637"
"661","637"
"941","637"
"979","637"
"940","637"
"1122","637"
"1127","637"
"965","637"
"491","637"
"1263","637"
"1646","637"
"1803","637"
"1274","637"
"974","637"
"1881","637"
"1574","637"
"1923","637"
"541","686"
"631","686"
"501","686"
"680","686"
"111","686"
"193","686"
"679","686"
"451","686"
"91","686"
"521","686"
"691","686"
"690","686"
"700","686"
"695","686"
"31","686"
"710","686"
"709","686"
"711","686"
"1","686"
"719","686"
"716","686"
"663","686"
"616","686"
"141","686"
"677","686"
"732","686"
"739","686"
"712","686"
"707","686"
"231","686"
"541","679"
"501","679"
"680","679"
"193","679"
"651","679"
"111","679"
"631","679"
"451","679"
"686","679"
"521","679"
"91","679"
"690","679"
"709","679"
"707","679"
"711","679"
"710","679"
"719","679"
"716","679"
"141","679"
"616","679"
"632","679"
"739","679"
"712","679"
"31","679"
"782","679"
"811","679"
"759","679"
"613","679"
"829","679"
"830","679"
"651","689"
"91","689"
"690","689"
"31","689"
"711","689"
"616","689"
"712","689"
"632","689"
"782","689"
"759","689"
"451","689"
"849","689"
"852","689"
"661","689"
"431","689"
"941","689"
"979","689"
"940","689"
"1122","689"
"1127","689"
"965","689"
"491","689"
"1175","689"
"1263","689"
"893","689"
"1646","689"
"1803","689"
"1881","689"
"974","689"
"2158","689"
"91","691"
"690","691"
"651","691"
"31","691"
"711","691"
"616","691"
"712","691"
"782","691"
"759","691"
"451","691"
"849","691"
"852","691"
"661","691"
"941","691"
"979","691"
"757","691"
"1035","691"
"940","691"
"1122","691"
"1127","691"
"965","691"
"491","691"
"1263","691"
"1646","691"
"1803","691"
"1891","691"
"1881","691"
"974","691"
"2060","691"
"1671","691"
"679","716"
"616","716"
"91","716"
"732","716"
"711","716"
"712","716"
"31","716"
"782","716"
"759","716"
"451","716"
"849","716"
"852","716"
"661","716"
"941","716"
"893","716"
"979","716"
"940","716"
"1122","716"
"1127","716"
"965","716"
"776","716"
"1263","716"
"1646","716"
"1803","716"
"651","716"
"974","716"
"1144","716"
"1840","716"
"1274","716"
"1759","716"
"711","726"
"451","726"
"941","726"
"91","726"
"1127","726"
"979","726"
"965","726"
"3003","726"
"1843","726"
"2279","726"
"3252","726"
"3866","726"
"5626","726"
"2595","726"
"3727","726"
"4381","726"
"5345","726"
"4546","726"
"1307","726"
"7355","726"
"797","726"
"6607","726"
"1753","726"
"4015","726"
"2496","726"
"6379","726"
"9000","726"
"7420","726"
"3164","726"
"7233","726"
"616","725"
"711","725"
"712","725"
"690","725"
"31","725"
"91","725"
"759","725"
"451","725"
"849","725"
"852","725"
"661","725"
"941","725"
"893","725"
"979","725"
"940","725"
"1122","725"
"1127","725"
"965","725"
"491","725"
"1263","725"
"1646","725"
"1803","725"
"651","725"
"974","725"
"1899","725"
"782","725"
"1457","725"
"182","725"
"2632","725"
"777","725"
"31","634"
"451","634"
"91","634"
"711","634"
"663","634"
"616","634"
"712","634"
"782","634"
"759","634"
"849","634"
"852","634"
"661","634"
"941","634"
"979","634"
"940","634"
"1122","634"
"1127","634"
"965","634"
"491","634"
"1263","634"
"1646","634"
"1803","634"
"651","634"
"1899","634"
"1881","634"
"820","634"
"974","634"
"1671","634"
"291","634"
"1457","634"
"91","732"
"241","732"
"716","732"
"706","732"
"193","732"
"712","732"
"711","732"
"616","732"
"690","732"
"782","732"
"759","732"
"451","732"
"1","732"
"852","732"
"31","732"
"613","732"
"837","732"
"710","732"
"797","732"
"941","732"
"1122","732"
"1127","732"
"979","732"
"940","732"
"1375","732"
"965","732"
"1646","732"
"1803","732"
"1891","732"
"974","732"
"690","745"
"616","745"
"711","745"
"782","745"
"759","745"
"451","745"
"91","745"
"941","745"
"979","745"
"1122","745"
"1127","745"
"1646","745"
"1803","745"
"965","745"
"757","745"
"1881","745"
"974","745"
"1274","745"
"2158","745"
"291","745"
"1923","745"
"182","745"
"1574","745"
"1457","745"
"3003","745"
"746","745"
"1843","745"
"1032","745"
"2279","745"
"3421","745"
"746","751"
"31","751"
"616","751"
"690","751"
"711","751"
"651","751"
"91","751"
"750","751"
"521","751"
"782","751"
"759","751"
"842","751"
"941","751"
"979","751"
"1122","751"
"1127","751"
"1646","751"
"1803","751"
"965","751"
"1881","751"
"1274","751"
"974","751"
"2158","751"
"291","751"
"1923","751"
"451","751"
"1899","751"
"182","751"
"2308","751"
"2627","751"
"760","758"
"616","758"
"690","758"
"613","758"
"91","758"
"941","758"
"1122","758"
"1127","758"
"979","758"
"1144","758"
"1840","758"
"965","758"
"1274","758"
"3003","758"
"1843","758"
"2279","758"
"2632","758"
"729","758"
"3421","758"
"1307","758"
"3252","758"
"3490","758"
"3211","758"
"5626","758"
"3727","758"
"4381","758"
"5345","758"
"5827","758"
"5840","758"
"797","758"
"711","706"
"616","706"
"732","706"
"651","706"
"712","706"
"91","706"
"690","706"
"782","706"
"759","706"
"849","706"
"852","706"
"451","706"
"661","706"
"941","706"
"893","706"
"979","706"
"940","706"
"1122","706"
"1127","706"
"1210","706"
"965","706"
"491","706"
"1154","706"
"1263","706"
"1803","706"
"820","706"
"1840","706"
"1891","706"
"1759","706"
"1881","706"
"241","601"
"613","601"
"31","601"
"451","601"
"91","601"
"711","601"
"663","601"
"616","601"
"712","601"
"782","601"
"759","601"
"849","601"
"852","601"
"732","601"
"661","601"
"941","601"
"979","601"
"940","601"
"1122","601"
"1127","601"
"965","601"
"491","601"
"1263","601"
"1646","601"
"1803","601"
"1881","601"
"974","601"
"1671","601"
"291","601"
"182","601"
"541","680"
"679","680"
"686","680"
"451","680"
"91","680"
"690","680"
"711","680"
"707","680"
"710","680"
"719","680"
"663","680"
"616","680"
"712","680"
"782","680"
"759","680"
"849","680"
"852","680"
"661","680"
"865","680"
"31","680"
"613","680"
"941","680"
"829","680"
"974","680"
"979","680"
"940","680"
"1122","680"
"1127","680"
"965","680"
"491","680"
"541","719"
"679","719"
"709","719"
"616","719"
"632","719"
"111","719"
"91","719"
"711","719"
"773","719"
"811","719"
"31","719"
"759","719"
"690","719"
"451","719"
"733","719"
"865","719"
"641","719"
"941","719"
"829","719"
"979","719"
"1127","719"
"965","719"
"974","719"
"2185","719"
"2526","719"
"182","719"
"777","719"
"2627","719"
"832","719"
"2368","719"
"728","832"
"849","832"
"616","832"
"632","832"
"613","832"
"748","832"
"91","832"
"757","832"
"651","832"
"31","832"
"759","832"
"661","832"
"880","832"
"884","832"
"852","832"
"871","832"
"690","832"
"797","832"
"846","832"
"825","832"
"941","832"
"976","832"
"977","832"
"899","832"
"1007","832"
"733","832"
"979","832"
"1032","832"
"709","832"
"291","832"
"541","865"
"679","865"
"1127","865"
"616","865"
"830","865"
"829","865"
"849","865"
"979","865"
"827","865"
"1920","865"
"759","865"
"613","865"
"2106","865"
"2089","865"
"2387","865"
"1923","865"
"2668","865"
"2195","865"
"2158","865"
"1457","865"
"3413","865"
"2279","865"
"797","865"
"3288","865"
"3252","865"
"4850","865"
"5099","865"
"1307","865"
"3490","865"
"451","865"
"710","927"
"733","927"
"616","927"
"759","927"
"940","927"
"491","927"
"979","927"
"1084","927"
"1127","927"
"978","927"
"1139","927"
"830","927"
"613","927"
"1186","927"
"776","927"
"1154","927"
"871","927"
"661","927"
"291","927"
"1299","927"
"1515","927"
"1527","927"
"965","927"
"1578","927"
"1574","927"
"1646","927"
"757","927"
"1910","927"
"1899","927"
"974","927"
"31","986"
"616","986"
"1127","986"
"940","986"
"1646","986"
"965","986"
"979","986"
"1574","986"
"2158","986"
"1307","986"
"1457","986"
"1843","986"
"2279","986"
"3421","986"
"1840","986"
"3252","986"
"4673","986"
"820","986"
"5626","986"
"3727","986"
"6207","986"
"4381","986"
"5345","986"
"1263","986"
"5827","986"
"3736","986"
"5402","986"
"797","986"
"6607","986"
"4015","986"
"31","1285"
"651","1285"
"979","1285"
"1127","1285"
"965","1285"
"2279","1285"
"2632","1285"
"3421","1285"
"3252","1285"
"4673","1285"
"5626","1285"
"3727","1285"
"4381","1285"
"5345","1285"
"1646","1285"
"797","1285"
"6607","1285"
"4015","1285"
"4546","1285"
"6379","1285"
"9000","1285"
"7801","1285"
"970","1285"
"3164","1285"
"2595","1285"
"7116","1285"
"3611","1285"
"9416","1285"
"1574","1285"
"1307","1285"
"651","899"
"849","899"
"773","899"
"31","899"
"759","899"
"852","899"
"901","899"
"797","899"
"880","899"
"897","899"
"91","899"
"616","899"
"893","899"
"830","899"
"820","899"
"431","899"
"825","899"
"941","899"
"728","899"
"940","899"
"929","899"
"613","899"
"776","899"
"979","899"
"690","899"
"993","899"
"965","899"
"1011","899"
"1032","899"
"931","899"
"193","700"
"690","700"
"31","700"
"709","700"
"711","700"
"663","700"
"616","700"
"91","700"
"712","700"
"782","700"
"759","700"
"451","700"
"849","700"
"852","700"
"661","700"
"979","700"
"940","700"
"1122","700"
"1127","700"
"899","700"
"491","700"
"965","700"
"1484","700"
"1263","700"
"1646","700"
"1803","700"
"1574","700"
"1881","700"
"974","700"
"820","700"
"711","640"
"616","640"
"1127","640"
"759","640"
"979","640"
"2158","640"
"1759","640"
"1843","640"
"2279","640"
"5626","640"
"3727","640"
"4381","640"
"5345","640"
"5196","640"
"3252","640"
"797","640"
"6607","640"
"1753","640"
"4015","640"
"2496","640"
"3746","640"
"4546","640"
"6379","640"
"8378","640"
"9000","640"
"5840","640"
"7801","640"
"970","640"
"3164","640"
"4790","640"
"193","739"
"31","739"
"725","739"
"690","739"
"733","739"
"501","739"
"746","739"
"451","739"
"616","739"
"711","739"
"712","739"
"773","739"
"707","739"
"782","739"
"757","739"
"759","739"
"793","739"
"91","739"
"431","739"
"846","739"
"522","739"
"941","739"
"974","739"
"979","739"
"1122","739"
"1127","739"
"1210","739"
"1410","739"
"965","739"
"1646","739"
"739","746"
"728","746"
"31","746"
"751","746"
"750","746"
"616","746"
"690","746"
"711","746"
"241","746"
"629","746"
"651","746"
"91","746"
"613","746"
"632","746"
"431","746"
"521","746"
"733","746"
"810","746"
"759","746"
"451","746"
"732","746"
"941","746"
"979","746"
"1127","746"
"1139","746"
"993","746"
"893","746"
"1288","746"
"830","746"
"1053","746"
"732","727"
"711","727"
"712","727"
"91","727"
"616","727"
"748","727"
"782","727"
"759","727"
"491","727"
"733","727"
"451","727"
"979","727"
"1122","727"
"1127","727"
"940","727"
"1393","727"
"1574","727"
"1263","727"
"1646","727"
"1803","727"
"965","727"
"974","727"
"2158","727"
"1923","727"
"1899","727"
"777","727"
"2627","727"
"2913","727"
"2368","727"
"1457","727"
"31","757"
"690","757"
"616","757"
"91","757"
"711","757"
"651","757"
"782","757"
"739","757"
"759","757"
"241","757"
"800","757"
"773","757"
"1","757"
"613","757"
"451","757"
"710","757"
"784","757"
"661","757"
"431","757"
"797","757"
"880","757"
"792","757"
"941","757"
"979","757"
"1122","757"
"1127","757"
"940","757"
"1144","757"
"1316","757"
"1058","757"
"31","913"
"709","913"
"759","913"
"733","913"
"616","913"
"830","913"
"431","913"
"732","913"
"825","913"
"940","913"
"941","913"
"613","913"
"977","913"
"690","913"
"984","913"
"1127","913"
"979","913"
"899","913"
"965","913"
"1646","913"
"820","913"
"1923","913"
"1671","913"
"182","913"
"2158","913"
"1759","913"
"2730","913"
"2208","913"
"3108","913"
"2770","913"
"979","1144"
"993","1144"
"847","1144"
"893","1144"
"759","1144"
"616","1144"
"1127","1144"
"965","1144"
"978","1144"
"1110","1144"
"940","1144"
"1154","1144"
"710","1144"
"899","1144"
"613","1144"
"1174","1144"
"1032","1144"
"1167","1144"
"651","1144"
"1122","1144"
"1053","1144"
"782","1144"
"871","1144"
"931","1144"
"829","1144"
"849","1144"
"1229","1144"
"690","1144"
"661","1144"
"1274","1144"
"651","797"
"773","797"
"616","797"
"711","797"
"782","797"
"91","797"
"759","797"
"451","797"
"757","797"
"849","797"
"632","797"
"871","797"
"901","797"
"899","797"
"613","797"
"690","797"
"880","797"
"31","797"
"709","797"
"830","797"
"707","797"
"431","797"
"732","797"
"817","797"
"825","797"
"941","797"
"940","797"
"993","797"
"979","797"
"1122","797"
"661","1288"
"651","1288"
"1144","1288"
"491","1288"
"1127","1288"
"893","1288"
"979","1288"
"965","1288"
"1175","1288"
"759","1288"
"830","1288"
"616","1288"
"1574","1288"
"1672","1288"
"1646","1288"
"1739","1288"
"757","1288"
"827","1288"
"1759","1288"
"1881","1288"
"1840","1288"
"1209","1288"
"1368","1288"
"1848","1288"
"1371","1288"
"1611","1288"
"1219","1288"
"1274","1288"
"2089","1288"
"2158","1288"
"1127","1202"
"651","1202"
"1144","1202"
"151","1202"
"797","1202"
"1375","1202"
"1363","1202"
"965","1202"
"1410","1202"
"979","1202"
"91","1202"
"1730","1202"
"1646","1202"
"1803","1202"
"1840","1202"
"772","1202"
"820","1202"
"2060","1202"
"1274","1202"
"2158","1202"
"2632","1202"
"1457","1202"
"759","1202"
"1843","1202"
"3454","1202"
"2221","1202"
"2279","1202"
"1753","1202"
"1263","1202"
"3421","1202"
"1127","1368"
"1058","1368"
"651","1368"
"151","1368"
"616","1368"
"979","1368"
"965","1368"
"1759","1368"
"613","1368"
"1309","1368"
"1574","1368"
"759","1368"
"1371","1368"
"974","1368"
"2030","1368"
"1144","1368"
"899","1368"
"2033","1368"
"987","1368"
"1484","1368"
"820","1368"
"491","1368"
"1840","1368"
"1843","1368"
"1288","1368"
"1739","1368"
"1671","1368"
"2158","1368"
"1848","1368"
"1923","1368"
"759","1323"
"651","1323"
"31","1323"
"1127","1323"
"829","1323"
"1144","1323"
"1213","1323"
"151","1323"
"613","1323"
"965","1323"
"899","1323"
"1646","1323"
"979","1323"
"974","1323"
"1274","1323"
"2158","1323"
"2344","1323"
"1430","1323"
"2342","1323"
"491","1323"
"1759","1323"
"1457","1323"
"1843","1323"
"2221","1323"
"2279","1323"
"1753","1323"
"3454","1323"
"1263","1323"
"1840","1323"
"3252","1323"
"651","1430"
"1144","1430"
"151","1430"
"1189","1430"
"829","1430"
"1127","1430"
"899","1430"
"1578","1430"
"759","1430"
"1636","1430"
"1803","1430"
"965","1430"
"491","1430"
"979","1430"
"616","1430"
"1274","1430"
"2221","1430"
"974","1430"
"2158","1430"
"2342","1430"
"1323","1430"
"1759","1430"
"1457","1430"
"1843","1430"
"2279","1430"
"1753","1430"
"1840","1430"
"3454","1430"
"1307","1430"
"3252","1430"
"620","619"
"451","619"
"91","619"
"711","619"
"663","619"
"616","619"
"712","619"
"690","619"
"782","619"
"31","619"
"827","619"
"759","619"
"849","619"
"852","619"
"661","619"
"941","619"
"979","619"
"940","619"
"1122","619"
"1127","619"
"965","619"
"491","619"
"1263","619"
"1646","619"
"1803","619"
"1891","619"
"974","619"
"820","619"
"1671","619"
"1881","619"
"31","645"
"451","645"
"91","645"
"711","645"
"663","645"
"616","645"
"712","645"
"782","645"
"759","645"
"849","645"
"852","645"
"661","645"
"941","645"
"979","645"
"940","645"
"1122","645"
"1127","645"
"965","645"
"491","645"
"1263","645"
"1646","645"
"1803","645"
"1881","645"
"820","645"
"1753","645"
"974","645"
"1671","645"
"291","645"
"182","645"
"2632","645"
"31","649"
"631","649"
"91","649"
"711","649"
"663","649"
"616","649"
"712","649"
"782","649"
"231","649"
"759","649"
"849","649"
"852","649"
"661","649"
"941","649"
"979","649"
"940","649"
"1122","649"
"1127","649"
"965","649"
"491","649"
"1263","649"
"1646","649"
"1803","649"
"1881","649"
"974","649"
"1671","649"
"291","649"
"1457","649"
"182","649"
"2632","649"
"617","626"
"91","626"
"31","626"
"711","626"
"663","626"
"616","626"
"712","626"
"759","626"
"431","626"
"941","626"
"979","626"
"1122","626"
"1127","626"
"893","626"
"1263","626"
"1646","626"
"1881","626"
"965","626"
"974","626"
"291","626"
"2363","626"
"182","626"
"820","626"
"1457","626"
"1843","626"
"3454","626"
"2279","626"
"3252","626"
"5118","626"
"5338","626"
"31","650"
"91","650"
"658","650"
"711","650"
"663","650"
"616","650"
"746","650"
"712","650"
"782","650"
"759","650"
"849","650"
"852","650"
"661","650"
"941","650"
"940","650"
"979","650"
"1122","650"
"1127","650"
"491","650"
"965","650"
"1263","650"
"1646","650"
"1803","650"
"1881","650"
"820","650"
"1753","650"
"974","650"
"1671","650"
"291","650"
"2363","650"
"451","677"
"91","677"
"690","677"
"31","677"
"711","677"
"663","677"
"616","677"
"712","677"
"782","677"
"759","677"
"849","677"
"852","677"
"661","677"
"941","677"
"979","677"
"940","677"
"1122","677"
"1127","677"
"965","677"
"491","677"
"1263","677"
"1646","677"
"1803","677"
"1899","677"
"1881","677"
"1274","677"
"1753","677"
"974","677"
"2158","677"
"1671","677"
"451","683"
"91","683"
"690","683"
"31","683"
"711","683"
"663","683"
"616","683"
"712","683"
"782","683"
"759","683"
"849","683"
"852","683"
"661","683"
"941","683"
"979","683"
"940","683"
"1122","683"
"1127","683"
"965","683"
"491","683"
"1263","683"
"1646","683"
"1803","683"
"1881","683"
"820","683"
"974","683"
"291","683"
"2363","683"
"1244","683"
"182","683"
"151","1410"
"1127","1410"
"1202","1410"
"1646","1410"
"1240","1410"
"491","1410"
"1759","1410"
"979","1410"
"1840","1410"
"965","1410"
"1274","1410"
"1574","1410"
"709","1410"
"1457","1410"
"1843","1410"
"2221","1410"
"2279","1410"
"1263","1410"
"739","1410"
"3252","1410"
"974","1410"
"1307","1410"
"4297","1410"
"431","1410"
"5626","1410"
"3727","1410"
"6207","1410"
"4381","1410"
"5345","1410"
"4931","1410"
"91","261"
"711","261"
"663","261"
"616","261"
"712","261"
"759","261"
"941","261"
"1122","261"
"1127","261"
"979","261"
"1263","261"
"965","261"
"1881","261"
"1646","261"
"5626","261"
"3252","261"
"820","261"
"5345","261"
"2669","261"
"3727","261"
"3936","261"
"4381","261"
"797","261"
"3211","261"
"5827","261"
"1307","261"
"2595","261"
"4546","261"
"4533","261"
"3736","261"
"690","733"
"451","733"
"750","733"
"746","733"
"616","733"
"711","733"
"712","733"
"782","733"
"773","733"
"651","733"
"759","733"
"809","733"
"613","733"
"815","733"
"91","733"
"817","733"
"774","733"
"661","733"
"830","733"
"787","733"
"840","733"
"849","733"
"913","733"
"852","733"
"940","733"
"941","733"
"967","733"
"979","733"
"776","733"
"965","733"
"31","800"
"521","800"
"759","800"
"773","800"
"757","800"
"231","800"
"613","800"
"710","800"
"616","800"
"804","800"
"805","800"
"632","800"
"541","800"
"633","800"
"782","800"
"813","800"
"677","800"
"732","800"
"721","800"
"733","800"
"451","800"
"91","800"
"817","800"
"830","800"
"832","800"
"690","800"
"941","800"
"974","800"
"1056","800"
"927","800"
"711","748"
"759","748"
"616","748"
"241","748"
"651","748"
"782","748"
"91","748"
"690","748"
"31","748"
"451","748"
"941","748"
"979","748"
"1122","748"
"1127","748"
"965","748"
"1646","748"
"1803","748"
"1739","748"
"1840","748"
"974","748"
"1144","748"
"2158","748"
"1457","748"
"1923","748"
"182","748"
"2627","748"
"1574","748"
"3003","748"
"291","748"
"1843","748"
"31","631"
"637","631"
"679","631"
"451","631"
"91","631"
"711","631"
"663","631"
"616","631"
"712","631"
"782","631"
"759","631"
"649","631"
"849","631"
"852","631"
"661","631"
"491","631"
"941","631"
"979","631"
"940","631"
"1122","631"
"1127","631"
"965","631"
"1263","631"
"1646","631"
"1803","631"
"974","631"
"820","631"
"1671","631"
"1274","631"
"1881","631"
"632","633"
"31","633"
"690","633"
"91","633"
"711","633"
"663","633"
"616","633"
"746","633"
"712","633"
"773","633"
"782","633"
"759","633"
"825","633"
"849","633"
"852","633"
"661","633"
"941","633"
"979","633"
"940","633"
"1122","633"
"1127","633"
"965","633"
"491","633"
"1263","633"
"1646","633"
"1803","633"
"1881","633"
"974","633"
"2158","633"
"2389","633"
"91","652"
"31","652"
"711","652"
"663","652"
"616","652"
"746","652"
"712","652"
"690","652"
"782","652"
"759","652"
"941","652"
"979","652"
"1122","652"
"1127","652"
"965","652"
"1263","652"
"1646","652"
"1881","652"
"820","652"
"974","652"
"291","652"
"2363","652"
"2205","652"
"182","652"
"1457","652"
"1843","652"
"2279","652"
"3454","652"
"1307","652"
"3252","652"
"451","668"
"91","668"
"31","668"
"711","668"
"663","668"
"616","668"
"712","668"
"782","668"
"759","668"
"849","668"
"852","668"
"661","668"
"941","668"
"979","668"
"940","668"
"1122","668"
"1127","668"
"965","668"
"491","668"
"1263","668"
"1646","668"
"1803","668"
"1881","668"
"820","668"
"842","668"
"974","668"
"1671","668"
"291","668"
"2363","668"
"182","668"
"451","667"
"91","667"
"690","667"
"31","667"
"711","667"
"663","667"
"616","667"
"712","667"
"782","667"
"759","667"
"849","667"
"852","667"
"661","667"
"941","667"
"979","667"
"940","667"
"1122","667"
"1127","667"
"1154","667"
"965","667"
"491","667"
"1263","667"
"1646","667"
"1803","667"
"1881","667"
"820","667"
"974","667"
"291","667"
"2507","667"
"2363","667"
"31","830"
"759","830"
"651","830"
"757","830"
"690","830"
"451","830"
"616","830"
"661","830"
"91","830"
"840","830"
"841","830"
"733","830"
"613","830"
"787","830"
"849","830"
"709","830"
"797","830"
"811","830"
"291","830"
"431","830"
"941","830"
"728","830"
"979","830"
"899","830"
"1127","830"
"1375","830"
"965","830"
"871","830"
"865","830"
"1144","830"
"31","1059"
"1053","1059"
"757","1059"
"616","1059"
"940","1059"
"1127","1059"
"271","1059"
"1375","1059"
"91","1059"
"1881","1059"
"4754","1059"
"5626","1059"
"3727","1059"
"4381","1059"
"5345","1059"
"291","1059"
"4015","1059"
"4546","1059"
"6699","1059"
"6379","1059"
"9000","1059"
"2595","1059"
"9416","1059"
"13075","1059"
"1574","1059"
"1692","1059"
"3252","1059"
"1307","1059"
"14498","1059"
"19742","1059"
"1636","1891"
"757","1891"
"651","1891"
"706","1891"
"690","1891"
"616","1891"
"795","1891"
"91","1891"
"1578","1891"
"829","1891"
"979","1891"
"1154","1891"
"613","1891"
"1881","1891"
"1326","1891"
"965","1891"
"1018","1891"
"852","1891"
"782","1891"
"1574","1891"
"1127","1891"
"1457","1891"
"759","1891"
"1843","1891"
"2279","1891"
"3421","1891"
"3454","1891"
"3252","1891"
"4094","1891"
"974","1891"
"521","61"
"451","61"
"91","61"
"690","61"
"31","61"
"711","61"
"663","61"
"616","61"
"712","61"
"782","61"
"759","61"
"849","61"
"852","61"
"661","61"
"941","61"
"979","61"
"940","61"
"1122","61"
"1127","61"
"965","61"
"491","61"
"1263","61"
"1646","61"
"1803","61"
"1881","61"
"820","61"
"1274","61"
"974","61"
"1671","61"
"291","61"
"31","774"
"616","774"
"711","774"
"782","774"
"91","774"
"759","774"
"733","774"
"651","774"
"941","774"
"979","774"
"1122","774"
"1127","774"
"965","774"
"893","774"
"1646","774"
"1510","774"
"1803","774"
"820","774"
"1840","774"
"1011","774"
"974","774"
"1144","774"
"1899","774"
"2060","774"
"1274","774"
"1759","774"
"2158","774"
"1671","774"
"1457","774"
"1923","774"
"31","742"
"690","742"
"91","742"
"616","742"
"711","742"
"301","742"
"782","742"
"759","742"
"451","742"
"979","742"
"1122","742"
"1127","742"
"965","742"
"1646","742"
"1803","742"
"1881","742"
"1274","742"
"974","742"
"2158","742"
"291","742"
"1923","742"
"1899","742"
"182","742"
"1574","742"
"1457","742"
"3003","742"
"1843","742"
"1032","742"
"2279","742"
"3421","742"
"31","776"
"616","776"
"782","776"
"841","776"
"451","776"
"651","776"
"931","776"
"1","776"
"977","776"
"899","776"
"91","776"
"979","776"
"984","776"
"733","776"
"965","776"
"1122","776"
"1127","776"
"893","776"
"759","776"
"716","776"
"1154","776"
"940","776"
"1174","776"
"852","776"
"830","776"
"709","776"
"1562","776"
"1063","776"
"1574","776"
"1646","776"
"31","810"
"709","810"
"616","810"
"759","810"
"613","810"
"733","810"
"690","810"
"817","810"
"757","810"
"651","810"
"758","810"
"739","810"
"725","810"
"91","810"
"776","810"
"431","810"
"830","810"
"451","810"
"241","810"
"522","810"
"849","810"
"899","810"
"632","810"
"871","810"
"797","810"
"913","810"
"707","810"
"641","810"
"922","810"
"710","810"
"31","814"
"616","814"
"1127","814"
"1263","814"
"1646","814"
"979","814"
"1274","814"
"1307","814"
"1457","814"
"759","814"
"3454","814"
"2279","814"
"3870","814"
"3252","814"
"4673","814"
"1843","814"
"5626","814"
"3727","814"
"4381","814"
"5345","814"
"825","814"
"2090","814"
"3611","814"
"4546","814"
"5827","814"
"797","814"
"4015","814"
"6699","814"
"6379","814"
"9000","814"
"31","721"
"711","721"
"616","721"
"733","721"
"431","721"
"91","721"
"849","721"
"759","721"
"852","721"
"661","721"
"897","721"
"893","721"
"651","721"
"965","721"
"993","721"
"979","721"
"940","721"
"1122","721"
"1127","721"
"1144","721"
"151","721"
"1058","721"
"491","721"
"797","721"
"1263","721"
"1646","721"
"1672","721"
"1803","721"
"1434","721"
"1840","721"
"31","871"
"616","871"
"849","871"
"651","871"
"880","871"
"91","871"
"884","871"
"759","871"
"797","871"
"690","871"
"830","871"
"431","871"
"825","871"
"941","871"
"979","871"
"1127","871"
"1056","871"
"965","871"
"1375","871"
"151","871"
"1144","871"
"829","871"
"1263","871"
"1646","871"
"491","871"
"757","871"
"1803","871"
"820","871"
"1840","871"
"1881","871"
"31","866"
"91","866"
"616","866"
"1127","866"
"940","866"
"965","866"
"151","866"
"1432","866"
"491","866"
"1263","866"
"1646","866"
"979","866"
"2363","866"
"1307","866"
"1574","866"
"2999","866"
"1457","866"
"759","866"
"1843","866"
"3454","866"
"2279","866"
"2030","866"
"3304","866"
"3252","866"
"3490","866"
"4673","866"
"1739","866"
"1539","866"
"2875","866"
"5626","866"
"871","880"
"651","880"
"616","880"
"613","880"
"91","880"
"884","880"
"759","880"
"797","880"
"690","880"
"757","880"
"899","880"
"431","880"
"679","880"
"941","880"
"1127","880"
"1375","880"
"965","880"
"1263","880"
"1646","880"
"1803","880"
"820","880"
"979","880"
"1175","880"
"1917","880"
"1881","880"
"1274","880"
"2089","880"
"1726","880"
"721","880"
"182","880"
"31","884"
"728","884"
"852","884"
"616","884"
"651","884"
"91","884"
"871","884"
"759","884"
"690","884"
"431","884"
"941","884"
"979","884"
"1127","884"
"965","884"
"1263","884"
"1646","884"
"820","884"
"1840","884"
"1144","884"
"1274","884"
"1759","884"
"182","884"
"1307","884"
"3003","884"
"1457","884"
"1843","884"
"3454","884"
"2713","884"
"2279","884"
"3421","884"
"616","809"
"759","809"
"31","809"
"733","809"
"778","809"
"813","809"
"91","809"
"431","809"
"817","809"
"830","809"
"690","809"
"451","809"
"825","809"
"941","809"
"976","809"
"979","809"
"291","809"
"1127","809"
"1056","809"
"965","809"
"1891","809"
"1881","809"
"974","809"
"1144","809"
"1457","809"
"182","809"
"1759","809"
"3003","809"
"746","809"
"1843","809"
"616","815"
"31","815"
"733","815"
"759","815"
"431","815"
"91","815"
"690","815"
"451","815"
"787","815"
"941","815"
"979","815"
"1127","815"
"965","815"
"820","815"
"1144","815"
"1457","815"
"182","815"
"777","815"
"2627","815"
"2368","815"
"1759","815"
"3003","815"
"2713","815"
"1843","815"
"2279","815"
"2632","815"
"3870","815"
"3421","815"
"1840","815"
"4094","815"
"31","825"
"632","825"
"759","825"
"633","825"
"431","825"
"690","825"
"451","825"
"616","825"
"651","825"
"91","825"
"809","825"
"797","825"
"941","825"
"899","825"
"1127","825"
"979","825"
"1375","825"
"965","825"
"871","825"
"1646","825"
"782","825"
"974","825"
"1759","825"
"182","825"
"1307","825"
"3003","825"
"1457","825"
"763","825"
"1843","825"
"3454","825"
"31","728"
"690","728"
"746","728"
"711","728"
"712","728"
"91","728"
"616","728"
"782","728"
"759","728"
"431","728"
"451","728"
"710","728"
"849","728"
"661","728"
"873","728"
"884","728"
"830","728"
"651","728"
"825","728"
"941","728"
"899","728"
"965","728"
"962","728"
"974","728"
"977","728"
"976","728"
"1030","728"
"979","728"
"1122","728"
"1127","728"
"31","893"
"759","893"
"651","893"
"733","893"
"616","893"
"91","893"
"431","893"
"941","893"
"899","893"
"690","893"
"976","893"
"977","893"
"993","893"
"979","893"
"1127","893"
"725","893"
"965","893"
"1141","893"
"1144","893"
"1110","893"
"613","893"
"689","893"
"716","893"
"706","893"
"782","893"
"1058","893"
"1288","893"
"1323","893"
"1154","893"
"1229","893"
"31","1307"
"1035","1307"
"759","1307"
"1106","1307"
"827","1307"
"830","1307"
"1574","1307"
"1759","1307"
"974","1307"
"1144","1307"
"1848","1307"
"965","1307"
"979","1307"
"651","1307"
"987","1307"
"709","1307"
"616","1307"
"795","1307"
"899","1307"
"1011","1307"
"2089","1307"
"776","1307"
"1237","1307"
"2008","1307"
"2292","1307"
"1923","1307"
"1214","1307"
"1127","1307"
"2120","1307"
"1434","1307"
"616","611"
"1127","611"
"2279","611"
"4673","611"
"5626","611"
"820","611"
"2669","611"
"3727","611"
"4381","611"
"3211","611"
"5827","611"
"2595","611"
"4546","611"
"1263","611"
"3252","611"
"1307","611"
"7355","611"
"8493","611"
"4015","611"
"6379","611"
"9000","611"
"6699","611"
"9416","611"
"12126","611"
"970","611"
"1574","611"
"12689","611"
"1318","611"
"9836","611"
"14196","611"
"31","432"
"631","432"
"451","432"
"91","432"
"711","432"
"663","432"
"616","432"
"712","432"
"782","432"
"707","432"
"759","432"
"849","432"
"852","432"
"661","432"
"941","432"
"979","432"
"1032","432"
"940","432"
"1122","432"
"1127","432"
"491","432"
"965","432"
"1263","432"
"1646","432"
"1803","432"
"1881","432"
"974","432"
"820","432"
"1274","432"
"1671","432"
"709","2396"
"2363","2396"
"1127","2396"
"5626","2396"
"3727","2396"
"5345","2396"
"1307","2396"
"4381","2396"
"4546","2396"
"6379","2396"
"9000","2396"
"2595","2396"
"4015","2396"
"1069","2396"
"16737","2396"
"29714","2396"
"16732","2396"
"42104","2396"
"23320","2396"
"26313","2396"
"32715","2396"
"34718","2396"
"84940","2396"
"80793","2396"
"18428","2396"
"108889","2396"
"98897","2396"
"120347","2396"
"106460","2396"
"123509","2396"
"1759","2279"
"965","2279"
"2599","2279"
"1127","2279"
"979","2279"
"1412","2279"
"1053","2279"
"2090","2279"
"616","2279"
"899","2279"
"795","2279"
"1032","2279"
"1457","2279"
"1843","2279"
"3003","2279"
"1671","2279"
"1881","2279"
"2450","2279"
"2437","2279"
"2363","2279"
"2595","2279"
"2880","2279"
"827","2279"
"1925","2279"
"2717","2279"
"3163","2279"
"2073","2279"
"2153","2279"
"3121","2279"
"1428","2279"
"2669","3454"
"1739","3454"
"1181","3454"
"3201","3454"
"3428","3454"
"1053","3454"
"1457","3454"
"3435","3454"
"759","3454"
"431","3454"
"706","3454"
"797","3454"
"940","3454"
"1154","3454"
"1127","3454"
"1371","3454"
"1326","3454"
"1881","3454"
"3516","3454"
"1871","3454"
"690","3454"
"3003","3454"
"899","3454"
"616","3454"
"1263","3454"
"2279","3454"
"795","3454"
"2281","3454"
"2264","3454"
"1574","3454"
"691","3847"
"1181","3847"
"1578","3847"
"757","3847"
"31","3847"
"651","3847"
"1662","3847"
"1127","3847"
"706","3847"
"3252","3847"
"1759","3847"
"820","3847"
"795","3847"
"241","3847"
"2595","3847"
"5626","3847"
"3727","3847"
"4381","3847"
"5345","3847"
"5196","3847"
"1263","3847"
"1307","3847"
"1843","3847"
"2090","3847"
"797","3847"
"6607","3847"
"4015","3847"
"2496","3847"
"3746","3847"
"4546","3847"
"820","5626"
"1881","5626"
"1671","5626"
"2441","5626"
"1391","5626"
"2281","5626"
"4931","5626"
"3301","5626"
"5751","5626"
"3701","5626"
"6135","5626"
"2051","5626"
"616","5626"
"5711","5626"
"4281","5626"
"3490","5626"
"759","5626"
"706","5626"
"812","5626"
"893","5626"
"4921","5626"
"926","5626"
"974","5626"
"1201","5626"
"1039","5626"
"1175","5626"
"1309","5626"
"4341","5626"
"5161","5626"
"1154","5626"
"1422","3252"
"3146","3252"
"616","3252"
"431","3252"
"1759","3252"
"1263","3252"
"2627","3252"
"759","3252"
"965","3252"
"1646","3252"
"1127","3252"
"827","3252"
"2897","3252"
"1295","3252"
"1154","3252"
"1735","3252"
"881","3252"
"1884","3252"
"1726","3252"
"4094","3252"
"1175","3252"
"2710","3252"
"873","3252"
"2713","3252"
"926","3252"
"739","3252"
"1219","3252"
"1371","3252"
"3163","3252"
"1662","3252"
"3211","5345"
"5196","5345"
"3070","5345"
"4297","5345"
"1412","5345"
"3252","5345"
"5626","5345"
"1735","5345"
"1175","5345"
"5573","5345"
"1759","5345"
"759","5345"
"6165","5345"
"5235","5345"
"3075","5345"
"820","5345"
"1166","5345"
"630","5345"
"3534","5345"
"827","5345"
"2149","5345"
"993","5345"
"4673","5345"
"2796","5345"
"4499","5345"
"893","5345"
"431","5345"
"899","5345"
"2627","5345"
"3579","5345"
"3153","2669"
"974","2669"
"3075","2669"
"616","2669"
"1309","2669"
"1843","2669"
"1855","2669"
"3435","2669"
"3163","2669"
"1326","2669"
"1739","2669"
"1127","2669"
"3003","2669"
"1759","2669"
"979","2669"
"2279","2669"
"795","2669"
"3579","2669"
"2632","2669"
"3858","2669"
"3421","2669"
"4000","2669"
"3252","2669"
"1244","2669"
"820","2669"
"5626","2669"
"291","2669"
"993","2669"
"1608","2669"
"5196","2669"
"3070","3727"
"1608","3727"
"759","3727"
"1175","3727"
"5583","3727"
"2713","3727"
"2437","3727"
"1578","3727"
"5979","3727"
"5626","3727"
"1735","3727"
"491","3727"
"706","3727"
"812","3727"
"746","3727"
"993","3727"
"431","3727"
"1154","3727"
"1237","3727"
"899","3727"
"1309","3727"
"5196","3727"
"1574","3727"
"1671","3727"
"1018","3727"
"1412","3727"
"2008","3727"
"1307","3727"
"1319","3727"
"2090","3727"
"5156","5595"
"5196","5595"
"1309","5595"
"3753","5595"
"2897","5595"
"1759","5595"
"926","5595"
"5020","5595"
"5549","5595"
"2710","5595"
"5573","5595"
"1925","5595"
"759","5595"
"795","5595"
"5834","5595"
"1154","5595"
"4178","5595"
"1237","5595"
"893","5595"
"3066","5595"
"797","5595"
"2060","5595"
"1127","5595"
"431","5595"
"993","5595"
"1920","5595"
"1073","5595"
"2717","5595"
"690","5595"
"1881","5595"
"5626","4381"
"3727","4381"
"5897","4381"
"974","4381"
"1307","4381"
"616","4381"
"1112","4381"
"1175","4381"
"1066","4381"
"1011","4381"
"827","4381"
"1219","4381"
"1309","4381"
"830","4381"
"1193","4381"
"893","4381"
"812","4381"
"2710","4381"
"1371","4381"
"3611","4381"
"1788","4381"
"1662","4381"
"1262","4381"
"1263","4381"
"1920","4381"
"6039","4381"
"3301","4381"
"3701","4381"
"910","4381"
"1516","4381"
"31","1073"
"616","1073"
"759","1073"
"91","1073"
"1127","1073"
"797","1073"
"491","1073"
"899","1073"
"1578","1073"
"757","1073"
"849","1073"
"820","1073"
"979","1073"
"1881","1073"
"1144","1073"
"965","1073"
"2158","1073"
"182","1073"
"2093","1073"
"746","1073"
"1457","1073"
"291","1073"
"1843","1073"
"3454","1073"
"2279","1073"
"1759","1073"
"1840","1073"
"3252","1073"
"4094","1073"
"1307","1073"
"91","836"
"941","836"
"1122","836"
"1127","836"
"616","836"
"979","836"
"965","836"
"1574","836"
"777","836"
"2627","836"
"2368","836"
"3003","836"
"1457","836"
"1843","836"
"2279","836"
"1141","836"
"3870","836"
"3454","836"
"974","836"
"3252","836"
"4478","836"
"3922","836"
"4673","836"
"3211","836"
"5626","836"
"2595","836"
"820","836"
"3727","836"
"4381","836"
"5345","836"
"1749","1662"
"1692","1662"
"1727","1662"
"1646","1662"
"1774","1662"
"491","1662"
"1127","1662"
"651","1662"
"91","1662"
"1574","1662"
"797","1662"
"616","1662"
"1144","1662"
"965","1662"
"979","1662"
"1457","1662"
"3413","1662"
"3454","1662"
"2279","1662"
"3579","1662"
"2632","1662"
"3421","1662"
"3847","1662"
"4000","1662"
"3252","1662"
"2614","1662"
"1412","1662"
"2958","1662"
"1759","1662"
"2893","1662"
"751","750"
"746","750"
"651","750"
"616","750"
"711","750"
"690","750"
"782","750"
"733","750"
"759","750"
"613","750"
"91","750"
"451","750"
"431","750"
"923","750"
"979","750"
"1122","750"
"1127","750"
"1210","750"
"965","750"
"1646","750"
"1803","750"
"820","750"
"491","750"
"1759","750"
"776","750"
"1881","750"
"1858","750"
"974","750"
"1144","750"
"2158","750"
"619","620"
"31","620"
"651","620"
"733","620"
"91","620"
"690","620"
"711","620"
"616","620"
"782","620"
"759","620"
"451","620"
"941","620"
"1122","620"
"1127","620"
"979","620"
"965","620"
"1646","620"
"1803","620"
"974","620"
"820","620"
"1753","620"
"2158","620"
"1923","620"
"2363","620"
"2627","620"
"1574","620"
"1457","620"
"3003","620"
"291","620"
"1843","620"
"706","1210"
"690","1210"
"616","1210"
"91","1210"
"1127","1210"
"965","1210"
"2279","1210"
"2632","1210"
"3421","1210"
"739","1210"
"3252","1210"
"1843","1210"
"5626","1210"
"3727","1210"
"4381","1210"
"5345","1210"
"5827","1210"
"663","1210"
"1307","1210"
"797","1210"
"6607","1210"
"4015","1210"
"4546","1210"
"6379","1210"
"2090","1210"
"9000","1210"
"750","1210"
"5402","1210"
"970","1210"
"3164","1210"
"616","778"
"31","778"
"809","778"
"759","778"
"91","778"
"690","778"
"451","778"
"661","778"
"1127","778"
"182","778"
"1457","778"
"746","778"
"1843","778"
"2279","778"
"1840","778"
"1307","778"
"291","778"
"4297","778"
"3211","778"
"5626","778"
"3727","778"
"4381","778"
"5345","778"
"3252","778"
"979","778"
"5827","778"
"5402","778"
"7355","778"
"797","778"
"6607","778"
"616","762"
"613","762"
"91","762"
"451","762"
"1122","762"
"1127","762"
"979","762"
"965","762"
"2363","762"
"1457","762"
"1843","762"
"2279","762"
"1840","762"
"3252","762"
"1307","762"
"5626","762"
"2595","762"
"3727","762"
"4381","762"
"5345","762"
"5827","762"
"2308","762"
"5840","762"
"5402","762"
"7355","762"
"797","762"
"6607","762"
"1753","762"
"4015","762"
"2496","762"
"759","784"
"616","784"
"613","784"
"774","784"
"711","784"
"782","784"
"91","784"
"690","784"
"451","784"
"757","784"
"733","784"
"710","784"
"1122","784"
"1127","784"
"979","784"
"965","784"
"1646","784"
"827","784"
"1803","784"
"491","784"
"1881","784"
"974","784"
"1759","784"
"2158","784"
"1923","784"
"182","784"
"1840","784"
"777","784"
"2627","784"
"2368","784"
"739","793"
"31","793"
"711","793"
"616","793"
"782","793"
"91","793"
"759","793"
"451","793"
"1122","793"
"1127","793"
"979","793"
"965","793"
"1646","793"
"1803","793"
"820","793"
"1923","793"
"182","793"
"777","793"
"2627","793"
"2368","793"
"1574","793"
"1457","793"
"3003","793"
"1843","793"
"2279","793"
"2539","793"
"1141","793"
"3454","793"
"2632","793"
"3421","793"
"616","803"
"782","803"
"91","803"
"451","803"
"1122","803"
"979","803"
"1127","803"
"893","803"
"1646","803"
"1803","803"
"965","803"
"820","803"
"2158","803"
"1923","803"
"777","803"
"2627","803"
"2368","803"
"1574","803"
"1457","803"
"3003","803"
"1032","803"
"1843","803"
"2279","803"
"2539","803"
"3454","803"
"3421","803"
"3870","803"
"1840","803"
"4000","803"
"974","803"
"616","743"
"782","743"
"91","743"
"451","743"
"941","743"
"1122","743"
"979","743"
"1127","743"
"893","743"
"1646","743"
"1803","743"
"965","743"
"820","743"
"2158","743"
"1923","743"
"1574","743"
"1457","743"
"3003","743"
"2279","743"
"2539","743"
"3454","743"
"3421","743"
"1840","743"
"3252","743"
"746","743"
"2026","743"
"4673","743"
"3936","743"
"3490","743"
"5626","743"
"31","817"
"759","817"
"616","817"
"613","817"
"733","817"
"690","817"
"451","817"
"91","817"
"661","817"
"852","817"
"941","817"
"899","817"
"979","817"
"1127","817"
"1375","817"
"965","817"
"1646","817"
"974","817"
"1144","817"
"1848","817"
"2023","817"
"1840","817"
"1899","817"
"1871","817"
"651","817"
"1274","817"
"2158","817"
"797","817"
"182","817"
"2632","817"
"31","826"
"759","826"
"690","826"
"451","826"
"616","826"
"1127","826"
"979","826"
"965","826"
"182","826"
"1457","826"
"1843","826"
"2279","826"
"1307","826"
"3252","826"
"4546","826"
"5626","826"
"3727","826"
"4381","826"
"5345","826"
"825","826"
"4323","826"
"5402","826"
"797","826"
"6607","826"
"4015","826"
"2496","826"
"6699","826"
"6379","826"
"9000","826"
"3164","826"
"31","829"
"773","829"
"91","829"
"679","829"
"690","829"
"759","829"
"451","829"
"616","829"
"661","829"
"686","829"
"541","829"
"651","829"
"680","829"
"941","829"
"733","829"
"491","829"
"719","829"
"1127","829"
"1189","829"
"1144","829"
"979","829"
"1213","829"
"757","829"
"899","829"
"1323","829"
"151","829"
"865","829"
"965","829"
"1430","829"
"1154","829"
"31","842"
"616","842"
"748","842"
"849","842"
"451","842"
"651","842"
"1127","842"
"1139","842"
"1144","842"
"491","842"
"1295","842"
"965","842"
"979","842"
"1405","842"
"1106","842"
"1154","842"
"91","842"
"899","842"
"1578","842"
"1646","842"
"759","842"
"1840","842"
"1574","842"
"974","842"
"668","842"
"757","842"
"2120","842"
"777","842"
"2627","842"
"832","842"
"616","752"
"759","752"
"817","752"
"690","752"
"451","752"
"849","752"
"661","752"
"927","752"
"940","752"
"1139","752"
"979","752"
"1127","752"
"1246","752"
"91","752"
"965","752"
"773","752"
"1073","752"
"1363","752"
"1484","752"
"1558","752"
"1646","752"
"827","752"
"757","752"
"1326","752"
"151","752"
"491","752"
"1702","752"
"1891","752"
"1681","752"
"1574","752"
"31","792"
"759","792"
"616","792"
"782","792"
"690","792"
"451","792"
"91","792"
"849","792"
"884","792"
"651","792"
"757","792"
"1122","792"
"1127","792"
"979","792"
"1646","792"
"1803","792"
"965","792"
"1881","792"
"2158","792"
"1923","792"
"182","792"
"2627","792"
"1574","792"
"746","792"
"1457","792"
"3003","792"
"1032","792"
"2279","792"
"3421","792"
"3847","792"
"849","854"
"2279","854"
"5626","854"
"3727","854"
"4381","854"
"5345","854"
"3252","854"
"6607","854"
"797","854"
"4015","854"
"4546","854"
"6379","854"
"9000","854"
"3164","854"
"2595","854"
"1574","854"
"19742","854"
"33875","854"
"7145","854"
"16737","854"
"16732","854"
"29714","854"
"23320","854"
"2708","854"
"8618","854"
"16064","854"
"18428","854"
"80793","854"
"94425","854"
"43688","854"
"849","888"
"2279","888"
"5626","888"
"3727","888"
"4381","888"
"1263","888"
"1127","888"
"3211","888"
"5345","888"
"2669","888"
"1759","888"
"451","888"
"5196","888"
"3252","888"
"6607","888"
"797","888"
"4015","888"
"4546","888"
"6379","888"
"9000","888"
"6699","888"
"9179","888"
"3164","888"
"2595","888"
"795","888"
"9416","888"
"12514","888"
"1574","888"
"8703","888"
"19742","888"
"852","882"
"2279","882"
"3421","882"
"3252","882"
"5626","882"
"3727","882"
"4381","882"
"1263","882"
"1127","882"
"3211","882"
"5345","882"
"2669","882"
"451","882"
"797","882"
"6607","882"
"4015","882"
"4546","882"
"6379","882"
"9000","882"
"6699","882"
"9179","882"
"3164","882"
"2595","882"
"9416","882"
"12514","882"
"1574","882"
"8703","882"
"17378","882"
"19742","882"
"22972","882"
"661","897"
"733","897"
"632","897"
"651","897"
"616","897"
"31","897"
"721","897"
"759","897"
"782","897"
"899","897"
"830","897"
"941","897"
"979","897"
"1127","897"
"965","897"
"1646","897"
"1803","897"
"993","897"
"974","897"
"1274","897"
"2632","897"
"2158","897"
"1307","897"
"1457","897"
"757","897"
"1843","897"
"2279","897"
"1753","897"
"1181","897"
"3936","897"
"690","693"
"521","693"
"31","693"
"711","693"
"663","693"
"241","693"
"616","693"
"91","693"
"732","693"
"712","693"
"782","693"
"451","693"
"292","693"
"613","693"
"759","693"
"710","693"
"849","693"
"852","693"
"661","693"
"522","693"
"941","693"
"979","693"
"940","693"
"1122","693"
"1127","693"
"1210","693"
"965","693"
"491","693"
"930","693"
"899","693"
"31","1032"
"651","1032"
"899","1032"
"979","1032"
"616","1032"
"759","1032"
"91","1032"
"1127","1032"
"1144","1032"
"1201","1032"
"965","1032"
"1646","1032"
"820","1032"
"1840","1032"
"1899","1032"
"2158","1032"
"182","1032"
"2632","1032"
"1759","1032"
"777","1032"
"2627","1032"
"2279","1032"
"2368","1032"
"1307","1032"
"3003","1032"
"1457","1032"
"291","1032"
"1843","1032"
"491","1032"
"797","1032"
"31","1055"
"979","1055"
"616","1055"
"759","1055"
"1127","1055"
"965","1055"
"1899","1055"
"820","1055"
"1840","1055"
"2632","1055"
"1759","1055"
"291","1055"
"1457","1055"
"3413","1055"
"2279","1055"
"825","1055"
"3252","1055"
"4673","1055"
"4546","1055"
"1307","1055"
"3490","1055"
"5947","1055"
"3753","1055"
"5626","1055"
"3727","1055"
"4381","1055"
"974","1055"
"5827","1055"
"5345","1055"
"3233","1055"
"979","995"
"1144","995"
"965","995"
"1899","995"
"820","995"
"2632","995"
"1759","995"
"2279","995"
"1127","995"
"709","995"
"3421","995"
"3579","995"
"3252","995"
"5626","995"
"3727","995"
"4381","995"
"1307","995"
"5827","995"
"5345","995"
"3611","995"
"797","995"
"4015","995"
"2496","995"
"4546","995"
"6379","995"
"5840","995"
"9000","995"
"1514","995"
"7748","995"
"3164","995"
"651","931"
"31","931"
"616","931"
"776","931"
"759","931"
"690","931"
"940","931"
"899","931"
"979","931"
"1127","931"
"1144","931"
"965","931"
"1646","931"
"1803","931"
"1840","931"
"974","931"
"1899","931"
"1274","931"
"2158","931"
"182","931"
"2632","931"
"1307","931"
"1457","931"
"1843","931"
"2221","931"
"2279","931"
"1753","931"
"3421","931"
"3454","931"
"4000","931"
"1759","3490"
"757","3490"
"3252","3490"
"3933","3490"
"1175","3490"
"893","3490"
"690","3490"
"616","3490"
"1127","3490"
"2770","3490"
"1144","3490"
"759","3490"
"795","3490"
"2713","3490"
"2710","3490"
"651","3490"
"4396","3490"
"774","3490"
"3753","3490"
"2033","3490"
"3858","3490"
"1154","3490"
"2583","3490"
"1412","3490"
"2848","3490"
"3962","3490"
"2270","3490"
"3508","3490"
"899","3490"
"1263","3490"
"5626","5827"
"3727","5827"
"4381","5827"
"691","5827"
"690","5827"
"1881","5827"
"3075","5827"
"1309","5827"
"1608","5827"
"630","5827"
"1307","5827"
"1175","5827"
"2937","5827"
"1263","5827"
"827","5827"
"1154","5827"
"4966","5827"
"3611","5827"
"2770","5827"
"6379","5827"
"776","5827"
"1237","5827"
"3429","5827"
"2079","5827"
"5996","5827"
"2085","5827"
"6039","5827"
"5117","5827"
"4653","5827"
"3905","5827"
"1843","5196"
"1319","5196"
"4287","5196"
"5156","5196"
"2557","5196"
"2710","5196"
"1759","5196"
"4275","5196"
"4987","5196"
"827","5196"
"1237","5196"
"431","5196"
"1175","5196"
"1307","5196"
"759","5196"
"651","5196"
"1309","5196"
"4537","5196"
"4332","5196"
"3687","5196"
"4911","5196"
"4151","5196"
"1053","5196"
"4094","5196"
"795","5196"
"1154","5196"
"2796","5196"
"2754","5196"
"2153","5196"
"2073","5196"
"1144","1759"
"491","1759"
"1578","1759"
"1636","1759"
"1127","1759"
"757","1759"
"1646","1759"
"827","1759"
"1803","1759"
"1288","1759"
"965","1759"
"759","1759"
"1843","1759"
"1840","1759"
"709","1759"
"706","1759"
"899","1759"
"1671","1759"
"1053","1759"
"616","1759"
"1175","1759"
"830","1759"
"1835","1759"
"1753","1759"
"984","1759"
"979","1759"
"1681","1759"
"1551","1759"
"1154","1759"
"613","1759"
"1307","3611"
"3579","3611"
"1759","3611"
"2279","3611"
"709","3611"
"3075","3611"
"3342","3611"
"3936","3611"
"3933","3611"
"2499","3611"
"616","3611"
"2713","3611"
"4000","3611"
"1175","3611"
"1937","3611"
"759","3611"
"1127","3611"
"1881","3611"
"993","3611"
"491","3611"
"974","3611"
"1053","3611"
"1788","3611"
"4119","3611"
"2530","3611"
"4181","3611"
"4001","3611"
"1263","3611"
"3252","3611"
"3597","3611"
"709","1175"
"1174","1175"
"849","1175"
"1229","1175"
"616","1175"
"91","1175"
"759","1175"
"1288","1175"
"852","1175"
"491","1175"
"1375","1175"
"1127","1175"
"689","1175"
"1144","1175"
"1154","1175"
"965","1175"
"1578","1175"
"830","1175"
"1574","1175"
"1508","1175"
"1263","1175"
"1672","1175"
"151","1175"
"1646","1175"
"899","1175"
"1428","1175"
"431","1175"
"827","1175"
"871","1175"
"1840","1175"
"3579","4639"
"3789","4639"
"1759","4639"
"4892","4639"
"4297","4639"
"5626","4639"
"3727","4639"
"4381","4639"
"759","4639"
"3429","4639"
"3753","4639"
"993","4639"
"1608","4639"
"3584","4639"
"2882","4639"
"5821","4639"
"4249","4639"
"1881","4639"
"1069","4639"
"6139","4639"
"4000","4639"
"1262","4639"
"1646","4639"
"2897","4639"
"3252","4639"
"899","4639"
"7102","4639"
"6338","4639"
"5152","4639"
"6237","4639"
"1788","2897"
"431","2897"
"31","2897"
"1326","2897"
"491","2897"
"2713","2897"
"1759","2897"
"2754","2897"
"2710","2897"
"2595","2897"
"1920","2897"
"926","2897"
"1884","2897"
"3996","2897"
"3252","2897"
"4094","2897"
"1127","2897"
"4673","2897"
"1263","2897"
"5080","2897"
"2033","2897"
"4830","2897"
"820","2897"
"3962","2897"
"3753","2897"
"5180","2897"
"4341","2897"
"3747","2897"
"1262","2897"
"5595","2897"
"3727","6224"
"6236","6224"
"3231","6224"
"1759","6224"
"974","6224"
"4673","6224"
"3933","6224"
"797","6224"
"706","6224"
"3579","6224"
"431","6224"
"1843","6224"
"5196","6224"
"759","6224"
"3342","6224"
"4094","6224"
"1237","6224"
"2627","6224"
"1144","6224"
"5897","6224"
"2665","6224"
"3597","6224"
"616","6224"
"3490","6224"
"2875","6224"
"5840","6224"
"1307","6224"
"1219","6224"
"4499","6224"
"4987","6224"
"3727","7116"
"5196","7116"
"3930","7116"
"1608","7116"
"6316","7116"
"431","7116"
"827","7116"
"5345","7116"
"6039","7116"
"7102","7116"
"2595","7116"
"4238","7116"
"5206","7116"
"5462","7116"
"3429","7116"
"797","7116"
"1319","7116"
"616","7116"
"691","7116"
"651","7116"
"690","7116"
"759","7116"
"5111","7116"
"706","7116"
"5602","7116"
"1069","7116"
"757","7116"
"7194","7116"
"6374","7116"
"1412","7116"
"2713","6236"
"6224","6236"
"3231","6236"
"3747","6236"
"1759","6236"
"3579","6236"
"1326","6236"
"5897","6236"
"4307","6236"
"616","6236"
"2875","6236"
"5025","6236"
"3727","6236"
"4381","6236"
"6306","6236"
"5996","6236"
"4546","6236"
"4499","6236"
"5908","6236"
"1307","6236"
"3933","6236"
"1608","6236"
"5602","6236"
"3369","6236"
"1574","6236"
"1237","6236"
"5061","6236"
"4830","6236"
"5196","6236"
"993","6236"
"3936","5602"
"820","5602"
"1326","5602"
"832","5602"
"3933","5602"
"5573","5602"
"1608","5602"
"5626","5602"
"3727","5602"
"797","5602"
"1759","5602"
"3747","5602"
"1881","5602"
"993","5602"
"2796","5602"
"893","5602"
"6165","5602"
"5996","5602"
"4381","5602"
"616","5602"
"4520","5602"
"1307","5602"
"6238","5602"
"1223","5602"
"1274","5602"
"3859","5602"
"1309","5602"
"4275","5602"
"431","5602"
"706","5602"
